char,one,two,three,four,five,minus_five,minus_four,minus_three,minus_two,minus_one
A,110,41,83,41,68,56,62,51,74,18
C,NA,NA,1,NA,1,1,NA,NA,1,NA
D,13,12,85,73,33,38,21,22,18,12
E,20,160,41,100,59,49,44,58,65,5
F,47,7,53,24,36,31,16,27,27,101
G,41,11,27,64,66,65,51,29,37,5
H,24,NA,12,16,33,28,35,55,32,3
I,45,36,63,26,47,47,56,56,16,11
K,62,6,33,30,45,61,43,36,56,96
L,31,100,59,50,34,53,69,50,59,125
M,19,11,24,4,12,9,6,10,11,19
N,23,1,27,28,32,34,36,32,26,4
P,11,126,17,90,67,47,47,38,23,7
Q,13,59,39,41,40,33,32,57,51,10
R,67,4,34,21,37,42,40,49,43,24
S,92,38,41,69,42,64,49,56,92,2
T,50,60,28,45,36,40,66,49,69,5
V,72,80,36,40,66,61,77,71,49,37
W,1,1,5,2,3,1,NA,2,1,45
Y,39,27,72,16,23,20,30,32,30,251
